{"name":"Vega Visualization","height":450,"padding":"auto","marks":[{"properties":{"enter":{"x":{"field":"x","scale":"x"},"y2":{"field":"y2","scale":"y"},"width":{"offset":-1,"scale":"x","band":true},"fill":{"field":"group","scale":"group"},"y":{"field":"y","scale":"y"}}},"from":{"data":"table"},"type":"rect"}],"axes":[{"properties":{"title":{"fontSize":{"value":14}}},"title":"x","type":"x","scale":"x"},{"properties":{"title":{"fontSize":{"value":14}}},"title":"y","type":"y","scale":"y"}],"data":[{"name":"table","values":[{"x":1,"y2":0,"group":1,"y":1},{"x":2,"y2":0,"group":1,"y":2},{"x":3,"y2":0,"group":1,"y":3},{"x":4,"y2":0,"group":1,"y":2},{"x":5,"y2":0,"group":1,"y":1}]}],"scales":[{"name":"x","range":"width","domain":{"data":"table","field":"x"},"type":"ordinal"},{"name":"y","range":"height","domain":{"data":"table","field":"y"},"type":"linear"},{"name":"group","range":["rgb(166,206,227)","rgb( 31,120,180)","rgb(178,223,138)","rgb( 51,160, 44)","rgb(251,154,153)","rgb(227, 26, 28)","rgb(253,191,111)","rgb(255,127,  0)","rgb(202,178,214)","rgb(106, 61,154)","rgb(255,255,153)","rgb(177, 89, 40)"],"domain":{"data":"table","field":"group"},"type":"ordinal"}],"width":450}

